<?xml version="1.0" encoding="UTF-8"?>
<!--
  ~ Copyright 2020. JiaXiaohei easyDebug.net
  ~
  ~ Licensed under the Apache License, Version 2.0 (the "License");
  ~ you may not use this file except in compliance with the License.
  ~ You may obtain a copy of the License at
  ~
  ~      http://www.apache.org/licenses/LICENSE-2.0
  ~
  ~  Unless required by applicable law or agreed to in writing, software
  ~  distributed under the License is distributed on an "AS IS" BASIS,
  ~  WITHOUT WARRANTIES OR CONDITIONS OF ANY KIND, either express or implied.
  ~  See the License for the specific language governing permissions and
  ~  limitations under the License.
  -->

<!DOCTYPE mapper PUBLIC "-//mybatis.org//DTD Mapper 3.0//EN" "http://mybatis.org/dtd/mybatis-3-mapper.dtd">
<mapper namespace="net.easydebug.delayq.mapper.TbDelayqJobMapper">

    <resultMap id="DelayQueueJob" type="net.easydebug.delayq.entity.DelayQueueJob">
        <result property="id" column="id"/>
        <result property="topic" column="topic"/>
        <result property="delay" column="delay"/>
        <result property="ttr" column="ttr"/>
        <result property="body" column="body"/>
        <result property="status" column="status"/>
        <result property="executionTime" column="execution_time"/>
        <result property="createTime" column="create_time"/>
    </resultMap>

    <insert id="insert" parameterType="net.easydebug.delayq.entity.DelayQueueJob">
        INSERT INTO tb_delayq_job (
        <trim prefixOverrides=",">
            <if test="id != null">,id</if>
            <if test="topic != null">,topic</if>
            <if test="delay != null">,delay</if>
            <if test="ttr != null">,ttr</if>
            <if test="body != null">,body</if>
            <if test="status != null">,status</if>
            <if test="executionTime != null">,execution_time</if>
            <if test="createTime != null">,create_time</if>
        </trim>
        ) VALUES (
        <trim prefixOverrides=",">
            <if test="id != null">,#{id}</if>
            <if test="topic != null">,#{topic}</if>
            <if test="delay != null">,#{delay}</if>
            <if test="ttr != null">,#{ttr}</if>
            <if test="body != null">,#{body}</if>
            <if test="status != null">,#{status}</if>
            <if test="executionTime != null">,#{executionTime}</if>
            <if test="createTime != null">,#{createTime}</if>
        </trim>
        )
    </insert>

    <delete id="delete">
        DELETE FROM tb_delayq_job
        WHERE ID = #{id}
    </delete>

    <update id="update" parameterType="net.easydebug.delayq.entity.DelayQueueJob">
        UPDATE tb_delayq_job
        <set>
            <if test="id != null">id = #{id},</if>
            <if test="topic != null">topic = #{topic},</if>
            <if test="delay != null">delay = #{delay},</if>
            <if test="ttr != null">ttr = #{ttr},</if>
            <if test="body != null">body = #{body},</if>
            <if test="status != null">status = #{status},</if>
            <if test="executionTime != null">execution_time = #{executionTime},</if>
            <if test="createTime != null">create_time = #{createTime},</if>
        </set>
        WHERE ID = #{id}
    </update>

    <select id="get" parameterType="java.util.Map" resultMap="DelayQueueJob">
        SELECT
        id,
        topic,
        delay,
        ttr,
        body,
        status,
        execution_time,
        create_time
        FROM tb_delayq_job
        <where>
            <if test="id != null">AND id = #{id}</if>
            <if test="topic != null">AND topic = #{topic}</if>
            <if test="delay != null">AND delay = #{delay}</if>
            <if test="ttr != null">AND ttr = #{ttr}</if>
            <if test="body != null">AND body = #{body}</if>
            <if test="status != null">AND status = #{status}</if>
            <if test="executionTime != null">AND execution_time = #{executionTime}</if>
            <if test="createTime != null">AND create_time = #{createTime}</if>
        </where>
    </select>

    <select id="list" parameterType="java.util.Map" resultMap="DelayQueueJob">
        SELECT
        id,
        topic,
        delay,
        ttr,
        body,
        status,
        execution_time,
        create_time
        FROM tb_delayq_job
        <where>
            <if test="id != null">AND id = #{id}</if>
            <if test="topic != null">AND topic = #{topic}</if>
            <if test="delay != null">AND delay = #{delay}</if>
            <if test="ttr != null">AND ttr = #{ttr}</if>
            <if test="body != null">AND body = #{body}</if>
            <if test="status != null">AND status = #{status}</if>
            <if test="executionTime != null">AND execution_time = #{executionTime}</if>
            <if test="createTime != null">AND create_time = #{createTime}</if>
        </where>
    </select>

</mapper>
